<?xml version="1.0" encoding="UTF-8" standalone="yes"?>
<rtc:RtcProfile rtc:version="0.2" rtc:id="RTC:AIST:Converter:FloatSeqToVelocity:1.0.0" xmlns:rtc="http://www.openrtp.org/namespaces/rtc" xmlns:rtcExt="http://www.openrtp.org/namespaces/rtc_ext" xmlns:rtcDoc="http://www.openrtp.org/namespaces/rtc_doc" xmlns:xsi="http://www.w3.org/2001/XMLSchema-instance">
    <rtc:BasicInfo xsi:type="rtcExt:basic_info_ext" rtcExt:saveProject="FloatSeqToVelocity_cpp" rtc:updateDate="2018-06-01T15:12:32+09:00" rtc:creationDate="2016-05-19T11:28:28+09:00" rtc:abstract="TimedFloatSeq型をTimedVelocity2D型に変換します。" rtc:version="1.0.0" rtc:vendor="AIST" rtc:maxInstances="1" rtc:executionType="PeriodicExecutionContext" rtc:executionRate="1000.0" rtc:description="AIST" rtc:category="Converter" rtc:componentKind="DataFlowComponent" rtc:activityType="PERIODIC" rtc:componentType="STATIC" rtc:name="FloatSeqToVelocity">
        <rtcDoc:Doc rtcDoc:reference="" rtcDoc:license="LGPL" rtcDoc:creator="宮本　信彦　n-miyamoto@aist.go.jp&lt;br/&gt;産業技術総合研究所　ロボットイノベーション研究センター&lt;br/&gt;ロボットソフトウエアプラットフォーム研究チーム" rtcDoc:algorithm="" rtcDoc:inout="" rtcDoc:description="TimedFloatSeq型をTimedVelocity2D型に変換します。"/>
        <rtcExt:VersionUpLogs></rtcExt:VersionUpLogs>
    </rtc:BasicInfo>
    <rtc:Actions>
        <rtc:OnInitialize xsi:type="rtcDoc:action_status_doc" rtc:implemented="true"/>
        <rtc:OnFinalize xsi:type="rtcDoc:action_status_doc" rtc:implemented="false"/>
        <rtc:OnStartup xsi:type="rtcDoc:action_status_doc" rtc:implemented="false"/>
        <rtc:OnShutdown xsi:type="rtcDoc:action_status_doc" rtc:implemented="false"/>
        <rtc:OnActivated xsi:type="rtcDoc:action_status_doc" rtc:implemented="false"/>
        <rtc:OnDeactivated xsi:type="rtcDoc:action_status_doc" rtc:implemented="false"/>
        <rtc:OnAborting xsi:type="rtcDoc:action_status_doc" rtc:implemented="false"/>
        <rtc:OnError xsi:type="rtcDoc:action_status_doc" rtc:implemented="false"/>
        <rtc:OnReset xsi:type="rtcDoc:action_status_doc" rtc:implemented="false"/>
        <rtc:OnExecute xsi:type="rtcDoc:action_status_doc" rtc:implemented="true"/>
        <rtc:OnStateUpdate xsi:type="rtcDoc:action_status_doc" rtc:implemented="false"/>
        <rtc:OnRateChanged xsi:type="rtcDoc:action_status_doc" rtc:implemented="false"/>
        <rtc:OnAction xsi:type="rtcDoc:action_status_doc" rtc:implemented="false"/>
        <rtc:OnModeChanged xsi:type="rtcDoc:action_status_doc" rtc:implemented="false"/>
    </rtc:Actions>
    <rtc:ConfigurationSet>
        <rtc:Configuration xsi:type="rtcExt:configuration_ext" rtcExt:variableName="" rtc:unit="" rtc:defaultValue="-0.02" rtc:type="double" rtc:name="rotation_by_position">
            <rtcDoc:Doc rtcDoc:constraint="" rtcDoc:range="" rtcDoc:unit="" rtcDoc:description="ジョイスティックのX座標の位置に対する角速度の変化量" rtcDoc:defaultValue="-0.02" rtcDoc:dataname="rotation_by_position"/>
            <rtcExt:Properties rtcExt:value="text" rtcExt:name="__widget__"/>
        </rtc:Configuration>
        <rtc:Configuration xsi:type="rtcExt:configuration_ext" rtcExt:variableName="" rtc:unit="" rtc:defaultValue="0.002" rtc:type="double" rtc:name="velocity_by_position">
            <rtcDoc:Doc rtcDoc:constraint="" rtcDoc:range="" rtcDoc:unit="" rtcDoc:description="ジョイステックのY座標に対する速度の変化量" rtcDoc:defaultValue="0.002" rtcDoc:dataname="velocity_by_position"/>
            <rtcExt:Properties rtcExt:value="text" rtcExt:name="__widget__"/>
        </rtc:Configuration>
    </rtc:ConfigurationSet>
    <rtc:DataPorts xsi:type="rtcExt:dataport_ext" rtcExt:position="LEFT" rtcExt:variableName="" rtc:unit="" rtc:subscriptionType="" rtc:dataflowType="" rtc:interfaceType="" rtc:idlFile="" rtc:type="RTC::TimedFloatSeq" rtc:name="in" rtc:portType="DataInPort">
        <rtcDoc:Doc rtcDoc:operation="" rtcDoc:occerrence="" rtcDoc:unit="" rtcDoc:semantics="" rtcDoc:number="2" rtcDoc:type="RTC::TimedFloatSeq" rtcDoc:description="変換前のデータ"/>
    </rtc:DataPorts>
    <rtc:DataPorts xsi:type="rtcExt:dataport_ext" rtcExt:position="RIGHT" rtcExt:variableName="" rtc:unit="" rtc:subscriptionType="" rtc:dataflowType="" rtc:interfaceType="" rtc:idlFile="" rtc:type="RTC::TimedVelocity2D" rtc:name="out" rtc:portType="DataOutPort">
        <rtcDoc:Doc rtcDoc:operation="" rtcDoc:occerrence="" rtcDoc:unit="m/s, rad/s" rtcDoc:semantics="" rtcDoc:number="" rtcDoc:type="RTC::TimedVelocity2D" rtcDoc:description="変換後のデータ"/>
    </rtc:DataPorts>
    <rtc:Language xsi:type="rtcExt:language_ext" rtc:kind="C++"/>
</rtc:RtcProfile>
